<?xml version="1.0" encoding="UTF-8"?>
<workflow-app xmlns="uri:oozie:workflow:0.2" name="flight-data-analysis">
	<start to="start-node" />
	<action name="FlightCancellationMostCommonReason">
		<map-reduce>
			<job-tracker>${jobTracker}</job-tracker>
			<name-node>${nameNode}</name-node>
			<prepare>
				<delete path="${nameNode}/user/${wf:user()}/${output}_FlightCancellationMostCommonReason" />
			</prepare>
			<configuration>
				<property>
					<name>mapred.mapper.new-api</name>
					<value>true</value>
				</property>
				<property>
					<name>mapred.reducer.new-api</name>
					<value>true</value>
				</property>
				<property>
					<name>mapred.job.queue.name</name>
					<value>${queueName}</value>
				</property>
				<property>
					<name>mapreduce.map.class</name>
					<value>FlightCancellationsMapper1</value>
				</property>
				<property>
					<name>mapreduce.reduce.class</name>
					<value>FlightCancellationsReducer1</value>
				</property>
				<property>
					<name>mapred.output.key.class</name>
					<value>org.apache.hadoop.io.Text</value>
				</property>
				<property>
					<name>mapred.output.value.class</name>
					<value>org.apache.hadoop.io.IntWritable</value>
				</property>
				<property>
					<name>mapred.map.tasks</name>
					<value>1</value>
				</property>
				<property>
					<name>mapred.input.dir</name>
					<value>/user/${wf:user()}/input</value>
				</property>
				<property>
					<name>mapred.output.dir</name>
					<value>/user/${wf:user()}/${output}_FlightCancellationMostCommonReason</value>
				</property>
			</configuration>
		</map-reduce>
		<ok to="AirportAverageTaxiInTime" />
		<error to="fail" />
	</action>
	<action name="AirportAverageTaxiInTime">
		<map-reduce>
			<job-tracker>${jobTracker}</job-tracker>
			<name-node>${nameNode}</name-node>
			<prepare>
				<delete path="${nameNode}/user/${wf:user()}/TEMP_OUTPUT_PATH1" />
			</prepare>
			<configuration>
				<property>
					<name>mapred.mapper.new-api</name>
					<value>true</value>
				</property>
				<property>
					<name>mapred.reducer.new-api</name>
					<value>true</value>
				</property>
				<property>
					<name>mapred.job.queue.name</name>
					<value>${queueName}</value>
				</property>
				<property>
					<name>mapreduce.map.class</name>
					<value>AirportTaxiInTimeMapper</value>
				</property>
				<property>
					<name>mapreduce.reduce.class</name>
					<value>AirportTaxiTimeAvgReducer</value>
				</property>
				<property>
					<name>mapred.output.key.class</name>
					<value>org.apache.hadoop.io.Text</value>
				</property>
				<property>
					<name>mapred.output.value.class</name>
					<value>org.apache.hadoop.io.IntWritable</value>
				</property>
				<property>
					<name>mapred.map.tasks</name>
					<value>1</value>
				</property>
				<property>
					<name>mapred.input.dir</name>
					<value>/user/${wf:user()}/input</value>
				</property>
				<property>
					<name>mapred.output.dir</name>
					<value>/user/${wf:user()}/TEMP_OUTPUT_PATH1</value>
				</property>
			</configuration>
		</map-reduce>
		<ok to="AirportTaxiInTimeMax" />
		<error to="fail" />
	</action>
	<action name="AirportTaxiInTimeMax">
		<map-reduce>
			<job-tracker>${jobTracker}</job-tracker>
			<name-node>${nameNode}</name-node>
			<prepare>
				<delete path="${nameNode}/user/${wf:user()}/${output}_AirportTaxiInTime_Max" />
			</prepare>
			<configuration>
				<property>
					<name>mapred.mapper.new-api</name>
					<value>true</value>
				</property>
				<property>
					<name>mapred.reducer.new-api</name>
					<value>true</value>
				</property>
				<property>
					<name>mapred.job.queue.name</name>
					<value>${queueName}</value>
				</property>
				<property>
					<name>mapreduce.map.class</name>
					<value>FindingTop3Mapper</value>
				</property>
				<property>
					<name>mapreduce.reduce.class</name>
					<value>FindingTop3Reducer</value>
				</property>
				<property>
					<name>mapred.output.key.class</name>
					<value>org.apache.hadoop.io.Text</value>
				</property>
				<property>
					<name>mapred.output.value.class</name>
					<value>org.apache.hadoop.io.IntWritable</value>
				</property>
				<property>
					<name>mapred.map.tasks</name>
					<value>1</value>
				</property>
				<property>
					<name>mapred.input.dir</name>
					<value>/user/${wf:user()}/input</value>
				</property>
				<property>
					<name>mapred.output.dir</name>
					<value>/user/${wf:user()}/${output}_AirportTaxiInTime_Max</value>
				</property>
			</configuration>
		</map-reduce>
		<ok to="AirportTaxiInTimeMin" />
		<error to="fail" />
	</action>
	<action name="AirportTaxiInTimeMin">
		<map-reduce>
			<job-tracker>${jobTracker}</job-tracker>
			<name-node>${nameNode}</name-node>
			<prepare>
				<delete path="${nameNode}/user/${wf:user()}/${output}_AirportTaxiInTime_Min" />
			</prepare>
			<configuration>
				<property>
					<name>mapred.mapper.new-api</name>
					<value>true</value>
				</property>
				<property>
					<name>mapred.reducer.new-api</name>
					<value>true</value>
				</property>
				<property>
					<name>mapred.job.queue.name</name>
					<value>${queueName}</value>
				</property>
				<property>
					<name>mapreduce.map.class</name>
					<value>FindingTop3Mapper</value>
				</property>
				<property>
					<name>mapreduce.reduce.class</name>
					<value>FindingTop3Reducer</value>
				</property>
				<property>
					<name>mapred.output.key.class</name>
					<value>org.apache.hadoop.io.Text</value>
				</property>
				<property>
					<name>mapred.output.value.class</name>
					<value>org.apache.hadoop.io.IntWritable</value>
				</property>
				<property>
					<name>mapred.map.tasks</name>
					<value>1</value>
				</property>
				<property>
					<name>mapred.input.dir</name>
					<value>/user/${wf:user()}/input</value>
				</property>
				<property>
					<name>mapred.output.dir</name>
					<value>/user/${wf:user()}/${output}_AirportTaxiInTime_Min</value>
				</property>
			</configuration>
		</map-reduce>
		<ok to="AirportAverageTaxiOutTime" />
		<error to="fail" />
	</action>
	<action name="AirportAverageTaxiOutTime">
		<map-reduce>
			<job-tracker>${jobTracker}</job-tracker>
			<name-node>${nameNode}</name-node>
			<prepare>
				<delete path="${nameNode}/user/${wf:user()}/TEMP_OUTPUT_PATH2" />
			</prepare>
			<configuration>
				<property>
					<name>mapred.mapper.new-api</name>
					<value>true</value>
				</property>
				<property>
					<name>mapred.reducer.new-api</name>
					<value>true</value>
				</property>
				<property>
					<name>mapred.job.queue.name</name>
					<value>${queueName}</value>
				</property>
				<property>
					<name>mapreduce.map.class</name>
					<value>AirportTaxiOutTimeMapper</value>
				</property>
				<property>
					<name>mapreduce.reduce.class</name>
					<value>AirportTaxiTimeAvgReducer</value>
				</property>
				<property>
					<name>mapred.output.key.class</name>
					<value>org.apache.hadoop.io.Text</value>
				</property>
				<property>
					<name>mapred.output.value.class</name>
					<value>org.apache.hadoop.io.IntWritable</value>
				</property>
				<property>
					<name>mapred.map.tasks</name>
					<value>1</value>
				</property>
				<property>
					<name>mapred.input.dir</name>
					<value>/user/${wf:user()}/input</value>
				</property>
				<property>
					<name>mapred.output.dir</name>
					<value>/user/${wf:user()}/TEMP_OUTPUT_PATH2</value>
				</property>
			</configuration>
		</map-reduce>
		<ok to="AirportTaxiOutTimeMax" />
		<error to="fail" />
	</action>
	<action name="AirportTaxiOutTimeMax">
		<map-reduce>
			<job-tracker>${jobTracker}</job-tracker>
			<name-node>${nameNode}</name-node>
			<prepare>
				<delete path="${nameNode}/user/${wf:user()}/${output}_AirportTaxiOutTime_Max" />
			</prepare>
			<configuration>
				<property>
					<name>mapred.mapper.new-api</name>
					<value>true</value>
				</property>
				<property>
					<name>mapred.reducer.new-api</name>
					<value>true</value>
				</property>
				<property>
					<name>mapred.job.queue.name</name>
					<value>${queueName}</value>
				</property>
				<property>
					<name>mapreduce.map.class</name>
					<value>FindingTop3Mapper</value>
				</property>
				<property>
					<name>mapreduce.reduce.class</name>
					<value>FindingTop3Reducer</value>
				</property>
				<property>
					<name>mapred.output.key.class</name>
					<value>org.apache.hadoop.io.Text</value>
				</property>
				<property>
					<name>mapred.output.value.class</name>
					<value>org.apache.hadoop.io.IntWritable</value>
				</property>
				<property>
					<name>mapred.map.tasks</name>
					<value>1</value>
				</property>
				<property>
					<name>mapred.input.dir</name>
					<value>/user/${wf:user()}/input</value>
				</property>
				<property>
					<name>mapred.output.dir</name>
					<value>/user/${wf:user()}/${output}_AirportTaxiOutTime_Max</value>
				</property>
			</configuration>
		</map-reduce>
		<ok to="AirportTaxiOutTimeMin" />
		<error to="fail" />
	</action>
	<action name="AirportTaxiOutTimeMin">
		<map-reduce>
			<job-tracker>${jobTracker}</job-tracker>
			<name-node>${nameNode}</name-node>
			<prepare>
				<delete path="${nameNode}/user/${wf:user()}/${output}_AirportTaxiOutTime_Min" />
			</prepare>
			<configuration>
				<property>
					<name>mapred.mapper.new-api</name>
					<value>true</value>
				</property>
				<property>
					<name>mapred.reducer.new-api</name>
					<value>true</value>
				</property>
				<property>
					<name>mapred.job.queue.name</name>
					<value>${queueName}</value>
				</property>
				<property>
					<name>mapreduce.map.class</name>
					<value>FindingTop3Mapper</value>
				</property>
				<property>
					<name>mapreduce.reduce.class</name>
					<value>FindingTop3Reducer</value>
				</property>
				<property>
					<name>mapred.output.key.class</name>
					<value>org.apache.hadoop.io.Text</value>
				</property>
				<property>
					<name>mapred.output.value.class</name>
					<value>org.apache.hadoop.io.IntWritable</value>
				</property>
				<property>
					<name>mapred.map.tasks</name>
					<value>1</value>
				</property>
				<property>
					<name>mapred.input.dir</name>
					<value>/user/${wf:user()}/input</value>
				</property>
				<property>
					<name>mapred.output.dir</name>
					<value>/user/${wf:user()}/${output}_AirportTaxiOutTime_Min</value>
				</property>
			</configuration>
		</map-reduce>
		<ok to="AirlinesBeingOnSchedule" />
		<error to="fail" />
	</action>
	<action name="AirlinesBeingOnSchedule">
		<map-reduce>
			<job-tracker>${jobTracker}</job-tracker>
			<name-node>${nameNode}</name-node>
			<prepare>
				<delete path="${nameNode}/user/${wf:user()}/${output}_AirlinesBeingOnSchedule" />
			</prepare>
			<configuration>
				<property>
					<name>mapred.mapper.new-api</name>
					<value>true</value>
				</property>
				<property>
					<name>mapred.reducer.new-api</name>
					<value>true</value>
				</property>
				<property>
					<name>mapred.job.queue.name</name>
					<value>${queueName}</value>
				</property>
				<property>
					<name>mapreduce.map.class</name>
					<value>FlightArrDelayMapper1</value>
				</property>
				<property>
					<name>mapreduce.reduce.class</name>
					<value>FlightArrDelayReducer1</value>
				</property>
				<property>
					<name>mapred.output.key.class</name>
					<value>org.apache.hadoop.io.Text</value>
				</property>
				<property>
					<name>mapred.output.value.class</name>
					<value>org.apache.hadoop.io.IntWritable</value>
				</property>
				<property>
					<name>mapred.map.tasks</name>
					<value>1</value>
				</property>
				<property>
					<name>mapred.input.dir</name>
					<value>/user/${wf:user()}/input</value>
				</property>
				<property>
					<name>mapred.output.dir</name>
					<value>/user/${wf:user()}/${output}_AirlinesBeingOnSchedule</value>
				</property>
			</configuration>
		</map-reduce>
		<ok to="end" />
		<error to="fail" />
	</action>
	<kill name="fail">
		<message>Your Map/Reduce Program failed with error
			message[${wf:errorMessage(wf:lastErrorNode())}]
		</message>
	</kill>
	<end name="end" />
</workflow-app>